<application>
  <component name="NotificationConfiguration" showBalloons="false" systemNotifications="false">
    <notification groupId="Accepted language levels" displayType="STICKY_BALLOON" shouldLog="false" />
    <notification groupId="ADB Logs" displayType="NONE" shouldLog="false" />
    <notification groupId="Adb Service" shouldLog="false" />
    <notification groupId="Android" shouldLog="false" />
    <notification groupId="Android 16 KB Alignment" shouldLog="false" />
    <notification groupId="Android Autogeneration" shouldLog="false" />
    <notification groupId="Android Debug Bridge (adb)" shouldLog="false" />
    <notification groupId="Android Device Speed Warning" shouldLog="false" />
    <notification groupId="Android Devices (Balloon)" shouldLog="false" />
    <notification groupId="Android Emulator" shouldLog="false" />
    <notification groupId="Android Gradle Sync Issues" displayType="STICKY_BALLOON" shouldLog="false" />
    <notification groupId="Android Gradle Tasks" shouldLog="false" />
    <notification groupId="Android Gradle Upgrade Notification" displayType="STICKY_BALLOON" shouldLog="false" />
    <notification groupId="Android Module Importing" shouldLog="false" />
    <notification groupId="Android Notification Group" shouldLog="false" />
    <notification groupId="Android Notification Log-Only Group" displayType="NONE" shouldLog="false" />
    <notification groupId="Android Property Files Updating" shouldLog="false" />
    <notification groupId="Android SDK Setup Issues" displayType="STICKY_BALLOON" shouldLog="false" />
    <notification groupId="APK Analyzer (Important)" shouldLog="false" />
    <notification groupId="APK Analyzer (Info)" displayType="NONE" shouldLog="false" />
    <notification groupId="App Inspection Notifications" displayType="TOOL_WINDOW" shouldLog="false" />
    <notification groupId="Attach to Process action" shouldLog="false" />
    <notification groupId="Automatic indent detection" displayType="STICKY_BALLOON" shouldLog="false" />
    <notification groupId="Automatic Module Unloading" shouldLog="false" />
    <notification groupId="Backup" shouldLog="false" />
    <notification groupId="Baseline Profile" shouldLog="false" />
    <notification groupId="Batch quick fix" shouldLog="false" />
    <notification groupId="Branch Context group" shouldLog="false" />
    <notification groupId="Browser Survey" shouldLog="false" />
    <notification groupId="BrowserCfgProblems" shouldLog="false" />
    <notification groupId="Build Analyzer" displayType="TOOL_WINDOW" shouldLog="false" />
    <notification groupId="Build Log" displayType="NONE" shouldLog="false" />
    <notification groupId="Build Script Found" displayType="STICKY_BALLOON" shouldLog="false" />
    <notification groupId="Build sync orphan modules" displayType="TOOL_WINDOW" shouldLog="false" />
    <notification groupId="Built-in Server" displayType="STICKY_BALLOON" shouldLog="false" />
    <notification groupId="Cache Recovery" displayType="STICKY_BALLOON" shouldLog="false" />
    <notification groupId="Cling Interactive" displayType="STICKY_BALLOON" shouldLog="false" />
    <notification groupId="ColorSchemeDeprecation" displayType="STICKY_BALLOON" shouldLog="false" />
    <notification groupId="Compiler Info Messages" displayType="STICKY_BALLOON" shouldLog="false" />
    <notification groupId="Compose MPP Notifications" shouldLog="false" />
    <notification groupId="Compose Preview Notification" displayType="NONE" shouldLog="false" />
    <notification groupId="Compose Project Notification" displayType="STICKY_BALLOON" shouldLog="false" />
    <notification groupId="Configure K2" displayType="STICKY_BALLOON" shouldLog="false" />
    <notification groupId="Configure Kotlin" displayType="STICKY_BALLOON" shouldLog="false" />
    <notification groupId="Configure Kotlin in Project" displayType="STICKY_BALLOON" shouldLog="false" />
    <notification groupId="Content root duplicates" shouldLog="false" />
    <notification groupId="Convert to WebP" shouldLog="false" />
    <notification groupId="Create Diagnostic Report" shouldLog="false" />
    <notification groupId="Database Inspector" shouldLog="false" />
    <notification groupId="Dependencies" displayType="TOOL_WINDOW" shouldLog="false" />
    <notification groupId="Deploy" shouldLog="false" />
    <notification groupId="Detected Gradle source sets" shouldLog="false" />
    <notification groupId="Device Explorer" shouldLog="false" />
    <notification groupId="Device Manager Messages" shouldLog="false" />
    <notification groupId="DeviceMirrorBenchmarking" displayType="STICKY_BALLOON" shouldLog="false" />
    <notification groupId="EditorConfig" displayType="STICKY_BALLOON" shouldLog="false" />
    <notification groupId="editorconfig" shouldLog="false" />
    <notification groupId="Emulator" shouldLog="false" />
    <notification groupId="Essential Highlighting Mode" shouldLog="false" />
    <notification groupId="Essentials Mode" displayType="STICKY_BALLOON" shouldLog="false" />
    <notification groupId="Execution" displayType="TOOL_WINDOW" shouldLog="false" />
    <notification groupId="External annotations" shouldLog="false" />
    <notification groupId="External Executable Critical Failures" displayType="STICKY_BALLOON" shouldLog="false" />
    <notification groupId="External System Auto-Link Notification Group" displayType="STICKY_BALLOON" shouldLog="false" />
    <notification groupId="Extractors" shouldLog="false" />
    <notification groupId="Failed to generate module descriptors" shouldLog="false" />
    <notification groupId="Failed to remove BOM" shouldLog="false" />
    <notification groupId="Fast Preview Notification" displayType="NONE" shouldLog="false" />
    <notification groupId="Feature Survey" displayType="STICKY_BALLOON" shouldLog="false" />
    <notification groupId="Feedback In IDE" shouldLog="false" />
    <notification groupId="File type conflict" shouldLog="false" />
    <notification groupId="File Watcher Messages" displayType="STICKY_BALLOON" shouldLog="false" />
    <notification groupId="FileSystemIssue" shouldLog="false" />
    <notification groupId="Font Downloading Problems" shouldLog="false" />
    <notification groupId="Framework Detection" shouldLog="false" />
    <notification groupId="Glance Preview Notification" displayType="NONE" shouldLog="false" />
    <notification groupId="Google Play SDK Index Notifications" displayType="STICKY_BALLOON" shouldLog="false" />
    <notification groupId="Gradle Build (Balloon)" shouldLog="false" />
    <notification groupId="Gradle Build (Logging)" displayType="NONE" shouldLog="false" />
    <notification groupId="Gradle Initializer" displayType="STICKY_BALLOON" shouldLog="false" />
    <notification groupId="Gradle KTS build files" shouldLog="false" />
    <notification groupId="Gradle Notification Group" displayType="STICKY_BALLOON" shouldLog="false" />
    <notification groupId="Gradle Sync" displayType="NONE" shouldLog="false" />
    <notification groupId="Gradle Version Catalog DSL" displayType="STICKY_BALLOON" shouldLog="false" />
    <notification groupId="Gradle Wrapper Update" shouldLog="false" />
    <notification groupId="Grape" shouldLog="false" />
    <notification groupId="Groovy DSL errors" shouldLog="false" />
    <notification groupId="Heap Dump Analysis" displayType="STICKY_BALLOON" shouldLog="false" />
    <notification groupId="HotSwap" displayType="TOOL_WINDOW" shouldLog="false" />
    <notification groupId="IDE and Plugin Updates" displayType="STICKY_BALLOON" shouldLog="false" />
    <notification groupId="IDE Caches" shouldLog="false" />
    <notification groupId="IDE Update Results" displayType="STICKY_BALLOON" shouldLog="false" />
    <notification groupId="ideavim-sticky" displayType="STICKY_BALLOON" shouldLog="false" />
    <notification groupId="Import Android Test Results" shouldLog="false" />
    <notification groupId="Incorrect Formatting" displayType="STICKY_BALLOON" shouldLog="false" />
    <notification groupId="Infer Nullity" displayType="TOOL_WINDOW" shouldLog="false" />
    <notification groupId="Inspection Results" displayType="TOOL_WINDOW" shouldLog="false" />
    <notification groupId="Internal Kotlin Plugin Actions" shouldLog="false" />
    <notification groupId="Invalid Sketch file" shouldLog="false" />
    <notification groupId="Java Preview Features" shouldLog="false" />
    <notification groupId="JDK Arch Check" displayType="STICKY_BALLOON" shouldLog="false" />
    <notification groupId="JDK Location different to JAVA_HOME" displayType="NONE" shouldLog="false" />
    <notification groupId="JDK resolve problems" shouldLog="false" />
    <notification groupId="JDK Update Error" displayType="STICKY_BALLOON" shouldLog="false" />
    <notification groupId="jps configuration error" displayType="TOOL_WINDOW" shouldLog="false" />
    <notification groupId="JSHELL_NOTIFICATIONS" shouldLog="false" />
    <notification groupId="JSON Schema" displayType="NONE" shouldLog="false" />
    <notification groupId="KeymapInstalled" shouldLog="false" />
    <notification groupId="KeymapMissing" displayType="STICKY_BALLOON" shouldLog="false" />
    <notification groupId="KMM K2 Notification" displayType="STICKY_BALLOON" shouldLog="false" />
    <notification groupId="KMM Wizard" shouldLog="false" />
    <notification groupId="Kotlin dist downloading failed" displayType="STICKY_BALLOON" shouldLog="false" />
    <notification groupId="Kotlin EAP" displayType="STICKY_BALLOON" shouldLog="false" />
    <notification groupId="Kotlin JPS plugin" displayType="STICKY_BALLOON" shouldLog="false" />
    <notification groupId="Kotlin Maven project import" displayType="STICKY_BALLOON" shouldLog="false" />
    <notification groupId="Kotlin Migration" displayType="STICKY_BALLOON" shouldLog="false" />
    <notification groupId="kotlin.external.compiler.updates" shouldLog="false" />
    <notification groupId="Kotlin/JS compiler Maven" displayType="STICKY_BALLOON" shouldLog="false" />
    <notification groupId="Language Plugins Notifications" shouldLog="false" />
    <notification groupId="LAYOUT_INSPECTOR_DISCOVERY" displayType="TOOL_WINDOW" shouldLog="false" />
    <notification groupId="leftover.ide.directories" shouldLog="false" />
    <notification groupId="Legacy Library" displayType="TOOL_WINDOW" shouldLog="false" />
    <notification groupId="Load Error" shouldLog="false" />
    <notification groupId="LocalHistory.General" shouldLog="false" />
    <notification groupId="Logcat" shouldLog="false" />
    <notification groupId="Low Memory" shouldLog="false" />
    <notification groupId="Mac15 Local Network" shouldLog="false" />
    <notification groupId="Markdown" shouldLog="false" />
    <notification groupId="Maven" shouldLog="false" />
    <notification groupId="Memory Settings Notification" displayType="STICKY_BALLOON" shouldLog="false" />
    <notification groupId="Missing SDKs" shouldLog="false" />
    <notification groupId="Motion Editor" shouldLog="false" />
    <notification groupId="newUsersOnboarding" shouldLog="false" />
    <notification groupId="notification.group.id.gradle" displayType="TOOL_WINDOW" shouldLog="false" />
    <notification groupId="Parameter Name Hints" shouldLog="false" />
    <notification groupId="Password Safe" displayType="STICKY_BALLOON" shouldLog="false" />
    <notification groupId="Pattern reassigned" shouldLog="false" />
    <notification groupId="PerformanceWatcher" displayType="STICKY_BALLOON" shouldLog="false" />
    <notification groupId="Plugin Error" shouldLog="false" />
    <notification groupId="Plugin Update Results" shouldLog="false" />
    <notification groupId="Plugins Incompatible With Kotlin Plugin in K2 Mode" shouldLog="false" />
    <notification groupId="Plugins Suggestion" displayType="STICKY_BALLOON" shouldLog="false" />
    <notification groupId="Power Save Mode" shouldLog="false" />
    <notification groupId="Presentation Assistant" shouldLog="false" />
    <notification groupId="Preview Code" shouldLog="false" />
    <notification groupId="ProfilerBalloon" displayType="TOOL_WINDOW" shouldLog="false" />
    <notification groupId="ProfilerNotification" displayType="STICKY_BALLOON" shouldLog="false" />
    <notification groupId="Project Loading Error" shouldLog="false" />
    <notification groupId="Project Roots" shouldLog="false" />
    <notification groupId="Project Settings" shouldLog="false" />
    <notification groupId="Project Startup Tasks Messages" displayType="NONE" shouldLog="false" />
    <notification groupId="Project Template" shouldLog="false" />
    <notification groupId="Recover Kotlin Indices" displayType="STICKY_BALLOON" shouldLog="false" />
    <notification groupId="Remove redundant exports/opens" shouldLog="false" />
    <notification groupId="Repository" shouldLog="false" />
    <notification groupId="Required Plugins" displayType="STICKY_BALLOON" shouldLog="false" />
    <notification groupId="Run Anything" shouldLog="false" />
    <notification groupId="Run Configuration" shouldLog="false" />
    <notification groupId="Running Devices Messages" shouldLog="false" />
    <notification groupId="Screen Capture" shouldLog="false" />
    <notification groupId="Security" shouldLog="false" />
    <notification groupId="Services Tool Window" shouldLog="false" />
    <notification groupId="Settings Error" shouldLog="false" />
    <notification groupId="settingsSync.errors" displayType="STICKY_BALLOON" shouldLog="false" />
    <notification groupId="Setup JDK" shouldLog="false" />
    <notification groupId="Shared Indexes Log" displayType="NONE" shouldLog="false" />
    <notification groupId="Shared Indexes Recommendations" shouldLog="false" />
    <notification groupId="Shell Script" shouldLog="false" />
    <notification groupId="Source searcher" shouldLog="false" />
    <notification groupId="Spellchecker" shouldLog="false" />
    <notification groupId="Sticky Lines" shouldLog="false" />
    <notification groupId="STICKY:Feedback In IDE" displayType="STICKY_BALLOON" shouldLog="false" />
    <notification groupId="Structural Search" displayType="STICKY_BALLOON" shouldLog="false" />
    <notification groupId="System Clipboard" shouldLog="false" />
    <notification groupId="System Health" displayType="STICKY_BALLOON" shouldLog="false" />
    <notification groupId="System Messages" shouldLog="false" />
    <notification groupId="System shortcuts conflicts" displayType="STICKY_BALLOON" shouldLog="false" />
    <notification groupId="Tasks" shouldLog="false" />
    <notification groupId="Test Frameworks" shouldLog="false" />
    <notification groupId="Test integration" shouldLog="false" />
    <notification groupId="Test Runner" displayType="NONE" shouldLog="false" />
    <notification groupId="TextMate Bundles" shouldLog="false" />
    <notification groupId="Thanks for the feedback!" shouldLog="false" />
    <notification groupId="Threading Violation Notification" displayType="STICKY_BALLOON" shouldLog="false" />
    <notification groupId="too.many.carets" shouldLog="false" />
    <notification groupId="Ultimate Installed" shouldLog="false" />
    <notification groupId="UnifiedDeployTask" displayType="TOOL_WINDOW" shouldLog="false" />
    <notification groupId="Unindexed maven repositories gradle detection" shouldLog="false" />
    <notification groupId="Unknown Natures Detected" shouldLog="false" />
    <notification groupId="Unsupported JDK" displayType="STICKY_BALLOON" shouldLog="false" />
    <notification groupId="Update Kotlin code style" displayType="STICKY_BALLOON" shouldLog="false" />
    <notification groupId="URL does not respond notification" shouldLog="false" />
    <notification groupId="VCS Hosting Integrations" shouldLog="false" />
    <notification groupId="Vcs Important Notifications" displayType="STICKY_BALLOON" shouldLog="false" />
    <notification groupId="Vcs Messages" displayType="TOOL_WINDOW" shouldLog="false" />
    <notification groupId="Vcs Notifications" shouldLog="false" />
    <notification groupId="Vcs Silent Notifications" displayType="NONE" shouldLog="false" />
    <notification groupId="Wear Declarative Watch Faces" shouldLog="false" />
    <notification groupId="Wear Pairing" shouldLog="false" />
    <notification groupId="Wear Tile Preview Notification" displayType="NONE" shouldLog="false" />
    <notification groupId="WindowsDefender" shouldLog="false" />
    <notification groupId="Workspace" shouldLog="false" />
    <notification groupId="Wrote Baseline" shouldLog="false" />
  </component>
</application>