<application>
  <component name="ProjectManager">
    <defaultProject>
      <component name="WindowStateProjectService">
        <state x="1018" y="435" key="com.intellij.openapi.editor.actions.MultiplePasteAction$ClipboardContentChooser" timestamp="1761632292272">
          <screen x="0" y="32" width="2560" height="1408" />
        </state>
        <state x="1018" y="435" key="com.intellij.openapi.editor.actions.MultiplePasteAction$ClipboardContentChooser/0.32.2560.1408" timestamp="1761632292272" />
        <state x="880" y="376" width="897" height="765" key="new project wizard" timestamp="1761631674752">
          <screen x="0" y="32" width="2560" height="1408" />
        </state>
        <state x="880" y="376" width="897" height="765" key="new project wizard/0.32.2560.1408" timestamp="1761631674752" />
      </component>
    </defaultProject>
  </component>
</application>