<application>
  <component name="Trusted.Paths">
    <option name="TRUSTED_PROJECT_PATHS">
      <map>
        <entry key="$USER_HOME$/dev/open_source/SmartLodge" value="true" />
        <entry key="$USER_HOME$/dev/projects/PetProfile" value="true" />
        <entry key="$USER_HOME$/dev/projects/hotel-booker" value="true" />
        <entry key="$USER_HOME$/dev/projects/learning-platform" value="true" />
        <entry key="$USER_HOME$/dev/projects/leetcode" value="true" />
        <entry key="$USER_HOME$/dev/projects/leetcode/kotlin" value="true" />
        <entry key="$USER_HOME$/dev/projects/playground/java" value="true" />
        <entry key="$USER_HOME$/dev/projects/playground/java/lombok" value="true" />
        <entry key="$USER_HOME$/dev/projects/playground/spring/spring-test" value="true" />
      </map>
    </option>
  </component>
  <component name="Trusted.Paths.Settings">
    <option name="TRUSTED_PATHS">
      <list>
        <option value="$USER_HOME$/dev/projects" />
      </list>
    </option>
  </component>
</application>