<application>
  <component name="DimensionService">
    <location key="find.popup.0.0.2560.1440" x="1044" y="167" />
    <location key="find.popup.0.0.2560.1440@120dpi" x="883" y="167" />
    <size key="GridCell.Tab.0.right.0.0.2560.1440" width="2472" height="461" />
    <size key="GridCell.Tab.0.left.0.0.2560.1440" width="2472" height="461" />
    <size key="GridCell.Tab.0.center.0.0.2560.1440" width="2472" height="461" />
    <size key="GridCell.Tab.0.bottom.0.0.2560.1440" width="2472" height="461" />
    <size key="GridCell.Tab.1.left.0.0.2560.1440" width="2472" height="461" />
    <size key="GridCell.Tab.1.center.0.0.2560.1440" width="2472" height="461" />
    <size key="GridCell.Tab.1.right.0.0.2560.1440" width="2472" height="461" />
    <size key="GridCell.Tab.1.bottom.0.0.2560.1440" width="2472" height="461" />
    <size key="find.popup.0.0.2560.1440" width="649" height="864" />
    <size key="GridCell.Tab.0.left.0.0.2560.1440@120dpi" width="2450" height="405" />
    <size key="GridCell.Tab.0.center.0.0.2560.1440@120dpi" width="2450" height="405" />
    <size key="GridCell.Tab.0.right.0.0.2560.1440@120dpi" width="2450" height="405" />
    <size key="GridCell.Tab.0.bottom.0.0.2560.1440@120dpi" width="2450" height="405" />
    <size key="find.popup.0.0.2560.1440@120dpi" width="784" height="712" />
    <size key="GridCell.Tab.1.left.0.0.2560.1440@120dpi" width="2450" height="426" />
    <size key="GridCell.Tab.1.center.0.0.2560.1440@120dpi" width="2450" height="426" />
    <size key="GridCell.Tab.1.right.0.0.2560.1440@120dpi" width="2450" height="426" />
    <size key="GridCell.Tab.1.bottom.0.0.2560.1440@120dpi" width="2450" height="426" />
  </component>
  <component name="WindowManager">
    <frame x="580" y="236" width="1400" height="1000" />
  </component>
  <component name="WindowStateApplicationService">
    <state x="1706" y="488" key="FileChooserDialogImpl" timestamp="1763293334415">
      <screen x="0" y="32" width="2560" height="1408" />
    </state>
    <state x="1706" y="488" key="FileChooserDialogImpl/0.32.2560.1408" timestamp="1763293334415" />
    <state width="815" height="164" key="ShowUsagesActions.dimensionServiceKey" timestamp="1763189506723">
      <screen x="0" y="32" width="2560" height="1408" />
    </state>
    <state width="815" height="164" key="ShowUsagesActions.dimensionServiceKey/0.32.2560.1408" timestamp="1763189506723" />
    <state x="1279" y="673" width="1213" height="1035" key="WELCOME_SCREEN" timestamp="1763293314870">
      <screen x="0" y="32" width="2560" height="1408" />
    </state>
    <state x="1279" y="673" width="1213" height="1035" key="WELCOME_SCREEN/0.32.2560.1408" timestamp="1763293314870" />
  </component>
</application>