<keymap version="1" name="macOS copy" parent="Mac OS X 10.5+">
  <action id="ActivateBuildToolWindow">
    <keyboard-shortcut first-keystroke="shift meta 1" />
  </action>
  <action id="ActivateGradleToolWindow">
    <keyboard-shortcut first-keystroke="shift meta 2" />
  </action>
  <action id="ActivateRunningDevicesToolWindow">
    <keyboard-shortcut first-keystroke="shift meta 9" />
  </action>
  <action id="ActivateTODOToolWindow">
    <keyboard-shortcut first-keystroke="shift ctrl meta t" />
  </action>
  <action id="ActivateTerminalToolWindow">
    <keyboard-shortcut first-keystroke="shift meta y" />
  </action>
  <action id="Android.CleanRun" />
  <action id="Android.SyncProject">
    <keyboard-shortcut first-keystroke="shift meta s" />
  </action>
  <action id="CloseProject">
    <keyboard-shortcut first-keystroke="ctrl meta alt w" />
  </action>
  <action id="Debug">
    <keyboard-shortcut first-keystroke="ctrl d" />
    <keyboard-shortcut first-keystroke="meta b" />
  </action>
  <action id="EditorIncreaseFontSizeGlobal" />
  <action id="EditorStartNewLineBefore" />
  <action id="EditorToggleUseSoftWraps">
    <keyboard-shortcut first-keystroke="ctrl meta w" />
  </action>
  <action id="FocusEditor">
    <keyboard-shortcut first-keystroke="shift ctrl meta e" />
  </action>
  <action id="GotoAction">
    <keyboard-shortcut first-keystroke="shift meta k" />
  </action>
  <action id="GotoDeclaration">
    <mouse-shortcut keystroke="meta button1" />
    <mouse-shortcut keystroke="Force touch" />
    <mouse-shortcut keystroke="button2" />
  </action>
  <action id="Gradle.ExecuteTask">
    <keyboard-shortcut first-keystroke="shift meta 0" />
  </action>
  <action id="Markdown.Layout.EditorAndPreview">
    <keyboard-shortcut first-keystroke="meta alt enter" />
    <keyboard-shortcut first-keystroke="shift meta alt enter" />
  </action>
  <action id="QuickActionPopup" />
  <action id="Refresh" />
  <action id="RenameElement">
    <keyboard-shortcut first-keystroke="shift ctrl meta r" />
  </action>
  <action id="Replace" />
  <action id="Run">
    <keyboard-shortcut first-keystroke="ctrl r" />
    <keyboard-shortcut first-keystroke="meta r" />
  </action>
  <action id="SelectInProjectView">
    <keyboard-shortcut first-keystroke="shift meta j" />
  </action>
  <action id="Stop">
    <keyboard-shortcut first-keystroke="meta f2" />
    <keyboard-shortcut first-keystroke="shift ctrl period" />
  </action>
  <action id="ToggleLineBreakpoint">
    <keyboard-shortcut first-keystroke="shift ctrl meta b" />
  </action>
  <action id="Vcs.Push" />
  <action id="android.deploy.ApplyChanges">
    <keyboard-shortcut first-keystroke="ctrl meta e" />
  </action>
  <action id="android.deploy.CodeSwap">
    <keyboard-shortcut first-keystroke="shift ctrl meta e" />
  </action>
  <action id="android.device.rotate.right" />
  <action id="android.device.screenshot" />
  <action id="android.device.wear1.button" />
  <action id="android.device.wear2.button" />
  <action id="org.intellij.plugins.markdown.ui.actions.styling.ToggleBoldAction" />
  <action id="org.intellij.plugins.markdown.ui.actions.styling.ToggleStrikethroughAction" />
</keymap>